﻿{
  "$schema": "http://datafactories.schema.management.azure.com/schemas/2015-09-01/Microsoft.DataFactory.Table.json",
  "name": "RGDS_gr_numvisits",
  "properties": {
    "type": "AzureBlob",
    "linkedServiceName": "RGDSAdlDevLinkedService",
    "structure": [],
    "typeProperties": {
      "folderPath": "lab/PROJ_GaleMicroClustering/features/gros_NumVisits/",
      "format": {
        "type": "TextFormat",
        "columnDelimiter": "|"
      }
    },
    "availability": {
      "frequency": "Day",
      "interval": 1
    }
  }
}