{
    "$schema": "http://schema.management.azure.com/schemas/2014-04-01-preview/deploymentTemplate.json#",
    "contentVersion": "0.9.0.0",
    "parameters": {
        "clusterName": {
            "type": "String",
            "metadata": {
                "description": "The name of the HDInsight cluster to create."
            }
        }
    },
    "resources": [
        {
            "type": "Microsoft.HDInsight/clusters",
            "name": "rgdshdidev",
            "apiVersion": "2015-03-01-preview",
            "location": "westeurope",
            "properties": {
                "clusterVersion": "3.5",
                "osType": "Linux",
                "tier": "standard",
                "clusterDefinition": {
                    "kind": "spark",
                    "componentVersion": {
                        "Spark": "1.6"
                    },
                    "configurations": {
                        "gateway": {
                            "restAuthCredential.isEnabled": true,
                            "restAuthCredential.username": "datascience",
                            "restAuthCredential.password": "RankGroup01#ds"
                        },
                        "core-site": {
                            "fs.defaultFS": "wasb://rgdshdidev@rgdsadltemp.blob.core.windows.net",
                            "fs.azure.account.key.rgdsadltemp.blob.core.windows.net": "jmo0onUfHg9v/I9eMX1UCcvC9Rq83dvhD/bojdV7QZw2dXJeGcTzmjRQKiR58VX9OQMDvX3XXKYlVbMBUsg2aw==",
                            "fs.azure.account.key.rgdsadldev.blob.core.windows.net": "dCSAvZxtomYzDMuCu3d0IGq6W5ei4aOKY9VspOIuYeuXPKTyEnNF+BE9RRNmNhxa95UagEV5Y8EFDc2XjQ1zFg=="
                        },
                        "hive-site": {
                            "javax.jdo.option.ConnectionDriverName": "com.microsoft.sqlserver.jdbc.SQLServerDriver",
                            "javax.jdo.option.ConnectionURL": "jdbc:sqlserver://rgdsadlmetasql.database.windows.net;database=rgdsadlmetastore;encrypt=true;trustServerCertificate=true;create=false;loginTimeout=300",
                            "javax.jdo.option.ConnectionUserName": "rgdsadmin",
                            "javax.jdo.option.ConnectionPassword": "RankGroup01"
                        },
                        "hive-env": {
                            "hive_database": "Existing MSSQL Server database with SQL authentication",
                            "hive_database_name": "rgdsadlmetastore",
                            "hive_database_type": "mssql",
                            "hive_existing_mssql_server_database": "rgdsadlmetastore",
                            "hive_existing_mssql_server_host": "rgdsadlmetasql.database.windows.net",
                            "hive_hostname": "rgdsadlmetasql.database.windows.net"
                        },
                        "oozie-site": {
                            "oozie.service.JPAService.jdbc.driver": "com.microsoft.sqlserver.jdbc.SQLServerDriver",
                            "oozie.service.JPAService.jdbc.url": "jdbc:sqlserver://rgdsadlmetasql.database.windows.net;database=rgdsadlmetastore;encrypt=true;trustServerCertificate=true;create=false;loginTimeout=300",
                            "oozie.service.JPAService.jdbc.username": "rgdsadmin",
                            "oozie.service.JPAService.jdbc.password": "RankGroup01",
                            "oozie.db.schema.name": "oozie"
                        },
                        "oozie-env": {
                            "oozie_database": "Existing MSSQL Server database with SQL authentication",
                            "oozie_database_name": "rgdsadlmetastore",
                            "oozie_database_type": "mssql",
                            "oozie_existing_mssql_server_database": "rgdsadlmetastore",
                            "oozie_existing_mssql_server_host": "rgdsadlmetasql.database.windows.net",
                            "oozie_hostname": "rgdsadlmetasql.database.windows.net"
                        }
                    }
                },
                "computeProfile": {
                    "roles": [
                        {
                            "name": "headnode",
                            "minInstanceCount": 1,
                            "targetInstanceCount": 2,
                            "hardwareProfile": {
                                "vmSize": "Standard_D12_V2"
                            },
                            "osProfile": {
                                "linuxOperatingSystemProfile": {
                                    "username": "datascience1",
                                    "password": "RankGroup01#ds"
                                }
                            },
                            "scriptActions": []
                        },
                        {
                            "name": "workernode",
                            "minInstanceCount": 1,
                            "targetInstanceCount": 10,
                            "hardwareProfile": {
                                "vmSize": "Standard_D3_V2"
                            },
                            "osProfile": {
                                "linuxOperatingSystemProfile": {
                                    "username": "datascience1",
                                    "password": "RankGroup01#ds"
                                }
                            },
                            "scriptActions": []
                        }
                    ]
                }
            },
            "dependsOn": []
        }
    ]
}