﻿<?xml version="1.0" encoding="utf-8"?>
<code lang="Node">
  <command type="AnimationCardScorable">
    <![CDATA[var card = new builder.AnimationCard(session)
    .title('Microsoft Bot Framework')
    .subtitle('Animation Card')
    .image(builder.CardImage.create(session, 'https://docs.botframework.com/en-us/images/faq-overview/botframework_overview_july.png'))
    .media([
        { url: 'http://i.giphy.com/Ki55RUbOV5njy.gif' }
    ]);

// attach the card to the reply message
var msg = new builder.Message(session).addAttachment(card);
        ]]></command>
  <command type="AudioCardScorable">
    <![CDATA[var card = new builder.AudioCard(session)
    .title('I am your father')
    .subtitle('Star Wars: Episode V - The Empire Strikes Back')
    .text('The Empire Strikes Back (also known as Star Wars: Episode V – The Empire Strikes Back) is a 1980 American epic space opera film directed by Irvin Kershner. Leigh Brackett and Lawrence Kasdan wrote the screenplay, with George Lucas writing the film\'s story and serving as executive producer. The second installment in the original Star Wars trilogy, it was produced by Gary Kurtz for Lucasfilm Ltd. and stars Mark Hamill, Harrison Ford, Carrie Fisher, Billy Dee Williams, Anthony Daniels, David Prowse, Kenny Baker, Peter Mayhew and Frank Oz.')
    .image(builder.CardImage.create(session, 'https://upload.wikimedia.org/wikipedia/en/3/3c/SW_-_Empire_Strikes_Back.jpg'))
    .media([
        { url: 'http://www.wavlist.com/movies/004/father.wav' }
    ])
    .buttons([
        builder.CardAction.openUrl(session, 'https://en.wikipedia.org/wiki/The_Empire_Strikes_Back', 'Read More')
    ]);   
    
// attach the card to the reply message
var msg = new builder.Message(session).addAttachment(card);
        ]]></command>
  <command type="CarouselCardsScorable">
    <![CDATA[var cards = [
  new builder.HeroCard(session)
    .title('BotFramework Hero Card')
    .subtitle('Your bots — wherever your users are talking')
    .text('Build and connect intelligent bots to interact with your users naturally wherever they are, from text/sms to Skype, Slack, Office 365 mail and other popular services.')
    .images([
        builder.CardImage.create(session, 'https://sec.ch9.ms/ch9/7ff5/e07cfef0-aa3b-40bb-9baa-7c9ef8ff7ff5/buildreactionbotframework_960.jpg')
    ])
    .buttons([
        builder.CardAction.openUrl(session, 'https://docs.botframework.com/en-us/', 'Get Started')
    ]),
  new builder.ThumbnailCard(session)
    .title('BotFramework Thumbnail Card')
    .subtitle('Your bots — wherever your users are talking')
    .text('Build and connect intelligent bots to interact with your users naturally wherever they are, from text/sms to Skype, Slack, Office 365 mail and other popular services.')
    .images([
        builder.CardImage.create(session, 'https://sec.ch9.ms/ch9/7ff5/e07cfef0-aa3b-40bb-9baa-7c9ef8ff7ff5/buildreactionbotframework_960.jpg')
    ])
    .buttons([
        builder.CardAction.openUrl(session, 'https://docs.botframework.com/en-us/', 'Get Started')
    ]),
  new builder.AnimationCard(session)
      .title('Microsoft Bot Framework')
      .subtitle('Animation Card')
      .image(builder.CardImage.create(session, 'https://docs.botframework.com/en-us/images/faq-overview/botframework_overview_july.png'))
      .media([
          { url: 'http://i.giphy.com/Ki55RUbOV5njy.gif' }
      ]),
  new builder.VideoCard(session)
      .title('Big Buck Bunny')
      .subtitle('by the Blender Institute')
      .text('Big Buck Bunny (code-named Peach) is a short computer-animated comedy film by the Blender Institute, part of the Blender Foundation. Like the foundation\'s previous film Elephants Dream, the film was made using Blender, a free software application for animation made by the same foundation. It was released as an open-source film under Creative Commons License Attribution 3.0.')
      .image(builder.CardImage.create(session, 'https://upload.wikimedia.org/wikipedia/commons/thumb/c/c5/Big_buck_bunny_poster_big.jpg/220px-Big_buck_bunny_poster_big.jpg'))
      .media([
          { url: 'http://download.blender.org/peach/bigbuckbunny_movies/BigBuckBunny_320x180.mp4' }
      ])
      .buttons([
          builder.CardAction.openUrl(session, 'https://peach.blender.org/', 'Learn More')
      ])
];

// create reply with Carousel AttachmentLayout
var reply = new builder.Message(session)
    .attachmentLayout(builder.AttachmentLayout.carousel)
    .attachments(cards);
        ]]></command>
  <command type="HeroCardScorable">
    <![CDATA[var card = new builder.HeroCard(session)
    .title('BotFramework Hero Card')
    .subtitle('Your bots — wherever your users are talking')
    .text('Build and connect intelligent bots to interact with your users naturally wherever they are, from text/sms to Skype, Slack, Office 365 mail and other popular services.')
    .images([
        builder.CardImage.create(session, 'https://sec.ch9.ms/ch9/7ff5/e07cfef0-aa3b-40bb-9baa-7c9ef8ff7ff5/buildreactionbotframework_960.jpg')
    ])
    .buttons([
        builder.CardAction.openUrl(session, 'https://docs.botframework.com/en-us/', 'Get Started')
    ]);

// attach the card to the reply message
var msg = new builder.Message(session).addAttachment(card);
        ]]></command>
  <command type="ReceiptCardScorable">
    <![CDATA[var card = new builder.ReceiptCard(session)
    .title('John Doe')
    .facts([
        builder.Fact.create(session, order++, 'Order Number'),
        builder.Fact.create(session, 'VISA 5555-****', 'Payment Method')
    ])
    .items([
        builder.ReceiptItem.create(session, '$ 38.45', 'Data Transfer')
            .quantity(368)
            .image(builder.CardImage.create(session, 'https://github.com/amido/azure-vector-icons/raw/master/renders/traffic-manager.png')),
        builder.ReceiptItem.create(session, '$ 45.00', 'App Service')
            .quantity(720)
            .image(builder.CardImage.create(session, 'https://github.com/amido/azure-vector-icons/raw/master/renders/cloud-service.png'))
    ])
    .tax('$ 7.50')
    .total('$ 90.95')
    .buttons([
        builder.CardAction.openUrl(session, 'https://azure.microsoft.com/en-us/pricing/', 'More Information')
            .image('https://raw.githubusercontent.com/amido/azure-vector-icons/master/renders/microsoft-azure.png')
    ]);
    
// attach the card to the reply message
var msg = new builder.Message(session).addAttachment(card);    
        ]]></command>
  <command type="SigninCardScorable">
    <![CDATA[var card = new builder.SigninCard(session)
    .text('BotFramework Sign-in Card')
    .button('Sign-in', 'https://login.microsoftonline.com');
    
// attach the card to the reply message
var msg = new builder.Message(session).addAttachment(card);    
        ]]></command>
  <command type="ThumbnailCardScorable">
    <![CDATA[var card = new builder.ThumbnailCard(session)
  .title('BotFramework Thumbnail Card')
  .subtitle('Your bots — wherever your users are talking')
  .text('Build and connect intelligent bots to interact with your users naturally wherever they are, from text/sms to Skype, Slack, Office 365 mail and other popular services.')
  .images([
      builder.CardImage.create(session, 'https://sec.ch9.ms/ch9/7ff5/e07cfef0-aa3b-40bb-9baa-7c9ef8ff7ff5/buildreactionbotframework_960.jpg')
  ])
  .buttons([
      builder.CardAction.openUrl(session, 'https://docs.botframework.com/en-us/', 'Get Started')
  ]);
  
// attach the card to the reply message
var msg = new builder.Message(session).addAttachment(card);  
        ]]></command>
  <command type="VideoCardScorable">
    <![CDATA[var card = new builder.VideoCard(session)
    .title('Big Buck Bunny')
    .subtitle('by the Blender Institute')
    .text('Big Buck Bunny (code-named Peach) is a short computer-animated comedy film by the Blender Institute, part of the Blender Foundation. Like the foundation\'s previous film Elephants Dream, the film was made using Blender, a free software application for animation made by the same foundation. It was released as an open-source film under Creative Commons License Attribution 3.0.')
    .image(builder.CardImage.create(session, 'https://upload.wikimedia.org/wikipedia/commons/thumb/c/c5/Big_buck_bunny_poster_big.jpg/220px-Big_buck_bunny_poster_big.jpg'))
    .media([
        { url: 'http://download.blender.org/peach/bigbuckbunny_movies/BigBuckBunny_320x180.mp4' }
    ])
    .buttons([
        builder.CardAction.openUrl(session, 'https://peach.blender.org/', 'Learn More')
    ]);
    
// attach the card to the reply message
var msg = new builder.Message(session).addAttachment(card);    
        ]]></command>
</code>