{
  "$schema": "https://schema.management.azure.com/schemas/2015-01-01/deploymentTemplate.json#",
  "contentVersion": "1.0.0.0",
  "parameters": {

    "skuName": {
      "type": "string",
      "defaultValue": "F1",
      "allowedValues": [
        "F1",
        "D1",
        "B1",
        "B2",
        "B3",
        "S1",
        "S2",
        "S3",
        "P1",
        "P2",
        "P3",
        "P4"
      ],
      "metadata": {
        "description": "Describes plan's pricing tier and instance size. Check details at https://azure.microsoft.com/en-us/pricing/details/app-service/"
      }
    },
    "skuCapacity": {
      "type": "int",
      "defaultValue": 1,
      "minValue": 1,
      "metadata": {
        "description": "Describes plan's instance count"
      }
    },
    "administratorLogin": {
      "type": "string"
    },
    "administratorLoginPassword": {
      "type": "securestring"
    },
    "databaseName": {
      "type": "string"
    },
    "sqlServerName": {
      "type": "string"
    },
    "collation": {
      "type": "string",
      "defaultValue": "SQL_Latin1_General_CP1_CI_AS"
    },
    "edition": {
      "type": "string",
      "defaultValue": "Basic",
      "allowedValues": [
        "Basic",
        "Standard",
        "Premium"
      ]
    },
    "maxSizeBytes": {
      "type": "string",
      "defaultValue": "1073741824"
    },
    "requestedServiceObjectiveName": {
      "type": "string",
      "defaultValue": "Basic",
      "allowedValues": [
        "Basic",
        "S0",
        "S1",
        "S2",
        "P1",
        "P2",
        "P3"
      ],
      "metadata": {
        "description": "Describes the performance level for Edition"
      }
    }
  },
  "variables": {

    "sqlserverName": "[parameters('sqlServerName')]"
  },
  "resources": [
    {
      "name": "[variables('sqlserverName')]",
      "type": "Microsoft.Sql/servers",
      "location": "[resourceGroup().location]",
      "tags": {
        "displayName": "SqlServer"
      },
      "apiVersion": "2014-04-01-preview",
      "properties": {
        "administratorLogin": "[parameters('administratorLogin')]",
        "administratorLoginPassword": "[parameters('administratorLoginPassword')]"
      },
      "resources": [
        {
          "name": "[parameters('databaseName')]",
          "type": "databases",
          "location": "[resourceGroup().location]",
          "tags": {
            "displayName": "Database"
          },
          "apiVersion": "2014-04-01-preview",
          "dependsOn": [
            "[concat('Microsoft.Sql/servers/', variables('sqlserverName'))]"
          ],
          "properties": {
            "edition": "[parameters('edition')]",
            "collation": "[parameters('collation')]",
            "maxSizeBytes": "[parameters('maxSizeBytes')]",
            "requestedServiceObjectiveName": "[parameters('requestedServiceObjectiveName')]"
          }
        },
        {
          "type": "firewallrules",
          "apiVersion": "2014-04-01-preview",
          "dependsOn": [
            "[concat('Microsoft.Sql/servers/', variables('sqlserverName'))]"
          ],
          "location": "[resourceGroup().location]",
          "name": "AllowAllWindowsAzureIps",
          "properties": {
            "endIpAddress": "0.0.0.0",
            "startIpAddress": "0.0.0.0"
          }
        }
      ]
    }
  ]
}